market_id,configuration_id,show_market_probabilities,news_shown,other_traders,n,mean_p_yes,sd_p_yes,min_p_yes,max_p_yes
fed_decision_in_december,1,True,True,llms,20,0.5,0.0,0.5,0.5
fed_decision_in_december,2,True,False,llms,20,0.5,0.0,0.5,0.5
fed_decision_in_december,3,True,True,humans,20,0.7502500000000001,0.20313642680409844,0.28,0.935
fed_decision_in_december,4,True,False,humans,20,0.799,0.18675624417095704,0.305,0.935
fed_decision_in_december,5,True,True,none,20,0.733,0.20122257904069682,0.3,0.935
fed_decision_in_december,6,True,False,none,20,0.799,0.18675624417095704,0.305,0.935
fed_decision_in_december,7,False,True,llms,20,0.3995,0.1277528452664919,0.3,0.89
fed_decision_in_december,8,False,False,llms,20,0.5,0.0,0.5,0.5
fed_decision_in_december,9,False,True,humans,20,0.40449999999999997,0.13949061466259075,0.25,0.89
fed_decision_in_december,10,False,False,humans,20,0.5,0.0,0.5,0.5
fed_decision_in_december,11,False,True,none,20,0.3995,0.13180827383981472,0.2,0.89
fed_decision_in_december,12,False,False,none,20,0.5,0.0,0.5,0.5
fed_decision_in_october,1,True,True,llms,20,0.943725,0.02729250668320213,0.895,0.9845
fed_decision_in_october,2,True,False,llms,20,0.942725,0.028554414812129413,0.895,0.9845
fed_decision_in_october,3,True,True,humans,20,0.942225,0.028498603382215836,0.895,0.9845
fed_decision_in_october,4,True,False,humans,20,0.942725,0.028554414812129413,0.895,0.9845
fed_decision_in_october,5,True,True,none,20,0.94375,0.02713877591002842,0.895,0.98
fed_decision_in_october,6,True,False,none,20,0.942725,0.028554414812129413,0.895,0.9845
fed_decision_in_october,7,False,True,llms,20,0.775,0.06977407149243608,0.65,0.9
fed_decision_in_october,8,False,False,llms,20,0.5,0.0,0.5,0.5
fed_decision_in_october,9,False,True,humans,20,0.7725,0.06584471365105535,0.65,0.9
fed_decision_in_october,10,False,False,humans,20,0.5,0.0,0.5,0.5
fed_decision_in_october,11,False,True,none,20,0.78,0.06366028258614137,0.65,0.9
fed_decision_in_october,12,False,False,none,20,0.5,0.0,0.5,0.5
fed_decision_in_september,1,True,True,llms,20,0.88025,0.04862517758051733,0.775,0.93
fed_decision_in_september,2,True,False,llms,20,0.843,0.04431941477857975,0.775,0.905
fed_decision_in_september,3,True,True,humans,20,0.873,0.04921488863299286,0.775,0.93
fed_decision_in_september,4,True,False,humans,20,0.843,0.04431941477857975,0.775,0.905
fed_decision_in_september,5,True,True,none,20,0.876,0.049539989163460606,0.775,0.93
fed_decision_in_september,6,True,False,none,20,0.843,0.04431941477857975,0.775,0.905
fed_decision_in_september,7,False,True,llms,20,0.8564999999999999,0.10261194144111979,0.65,0.93
fed_decision_in_september,8,False,False,llms,20,0.5,0.0,0.5,0.5
fed_decision_in_september,9,False,True,humans,20,0.8564999999999999,0.10261194144111979,0.65,0.93
fed_decision_in_september,10,False,False,humans,20,0.5,0.0,0.5,0.5
fed_decision_in_september,11,False,True,none,20,0.8665,0.08443465240241002,0.65,0.93
fed_decision_in_september,12,False,False,none,20,0.5,0.0,0.5,0.5
fed_interest_rates_january_2025,1,True,True,llms,20,0.9669000000000001,0.015368799562750468,0.935,0.9885
fed_interest_rates_january_2025,2,True,False,llms,20,0.9694,0.01550517740355749,0.935,0.9885
fed_interest_rates_january_2025,3,True,True,humans,20,0.9678000000000001,0.014998596425560746,0.935,0.9885
fed_interest_rates_january_2025,4,True,False,humans,20,0.9694,0.01550517740355749,0.935,0.9885
fed_interest_rates_january_2025,5,True,True,none,20,0.9681,0.01491696314514732,0.935,0.9875
fed_interest_rates_january_2025,6,True,False,none,20,0.9694,0.01550517740355749,0.935,0.9885
fed_interest_rates_january_2025,7,False,True,llms,20,0.78965,0.11902820320367243,0.55,0.973
fed_interest_rates_january_2025,8,False,False,llms,20,0.5525,0.054952132279878496,0.5,0.65
fed_interest_rates_january_2025,9,False,True,humans,20,0.78565,0.12431084764454488,0.55,0.973
fed_interest_rates_january_2025,10,False,False,humans,20,0.525,0.04442616583193191,0.5,0.6
fed_interest_rates_january_2025,11,False,True,none,20,0.78565,0.11507675927969031,0.55,0.973
fed_interest_rates_january_2025,12,False,False,none,20,0.505,0.0223606797749979,0.5,0.6
new_york_city_mayoral_election,1,True,True,llms,20,0.872225,0.04288984513599314,0.82,1.0
new_york_city_mayoral_election,2,True,False,llms,20,0.92065,0.021895745801651236,0.8795,0.9535
new_york_city_mayoral_election,3,True,True,humans,20,0.8683,0.038565187464999186,0.82,1.0
new_york_city_mayoral_election,4,True,False,humans,20,0.9206749999999999,0.021883227775964374,0.8795,0.9535
new_york_city_mayoral_election,5,True,True,none,20,0.8744999999999999,0.043222192155614285,0.82,1.0
new_york_city_mayoral_election,6,True,False,none,20,0.9206749999999999,0.021883227775964374,0.8795,0.9535
new_york_city_mayoral_election,7,False,True,llms,20,0.7875,0.0666392487478979,0.75,1.0
new_york_city_mayoral_election,8,False,False,llms,20,0.10250000000000001,0.09797287487119237,0.0,0.5
new_york_city_mayoral_election,9,False,True,humans,20,0.7925,0.0674244216258393,0.75,1.0
new_york_city_mayoral_election,10,False,False,humans,20,0.12250000000000001,0.13226269713200162,0.0,0.5
new_york_city_mayoral_election,11,False,True,none,20,0.7975,0.06781359900879995,0.75,1.0
new_york_city_mayoral_election,12,False,False,none,20,0.1675,0.17188965248547963,0.05,0.5
who_will_be_inaugurated_as_president,1,True,True,llms,20,0.993925,0.004995458463760663,0.9805,0.999
who_will_be_inaugurated_as_president,2,True,False,llms,20,0.9893000000000001,0.004111601045565419,0.98,0.9945
who_will_be_inaugurated_as_president,3,True,True,humans,20,0.993225,0.005361841298030331,0.98,0.999
who_will_be_inaugurated_as_president,4,True,False,humans,20,0.9899000000000001,0.0038237485052732057,0.98,0.9945
who_will_be_inaugurated_as_president,5,True,True,none,20,0.9939,0.005512187453844077,0.9805,0.999
who_will_be_inaugurated_as_president,6,True,False,none,20,0.9894999999999999,0.003933660408643141,0.9805,0.9945
who_will_be_inaugurated_as_president,7,False,True,llms,20,0.9879999999999999,0.008944271909999196,0.95,0.99
who_will_be_inaugurated_as_president,8,False,False,llms,20,0.99,0.0,0.99,0.99
who_will_be_inaugurated_as_president,9,False,True,humans,20,0.966,0.10970774573239675,0.5,1.0
who_will_be_inaugurated_as_president,10,False,False,humans,20,0.99,0.0,0.99,0.99
who_will_be_inaugurated_as_president,11,False,True,none,20,0.9884999999999999,0.009333020044867336,0.95,1.0
who_will_be_inaugurated_as_president,12,False,False,none,20,0.99,0.0,0.99,0.99
